sl_store,sl_address,sl_address2,sl_city,sl_state,sl_zip,sl_country,sl_latitude,sl_longitude,sl_tags,sl_description,sl_email,sl_url,sl_hours,sl_phone,sl_fax,sl_image,category
DO-IT-UR-SELF PLBG & HTG SUPPLY,3100 BRIGHTON BLVD,,DENVER,CO,80216,USA,39.766504,-104.983046,,DO-IT-UR-SELF PLBG & HTG SUPPLY,,www.doiturselfplumbing.net,,303-297-0455,,,Wholesaler
FULLER SUPPLY,805 N VIRGINIA AVE,,ROSWELL,NM,87562,USA,33.401104,-104.52111,,FULLER SUPPLY,,www.fullersupply.com,,575-623-5222,,,Wholesaler
FULLER SUPPLY,1315 E. GRAND AVE,,CLOVIS,NM,88101,USA,34.40072,-103.189378,,FULLER SUPPLY,,www.fullersupply.com,,575-769-2881,,,Wholesaler
GOLDEN EAGLE DESIGN,2601 VASSAR DRIVE NE,,ALBUQUERQUE,NM,87107,USA,35.111316,-106.615493,,GOLDEN EAGLE DESIGN,,www.golden-eagle-design.com,,505-888-9457,,,Showroom
GOLDEN EAGLE SUPPLY,3935 SAN FELIPE ROAD,,SANTA FE,NM,87507,USA,35.63739,-106.051626,,GOLDEN EAGLE SUPPLY,,www.golden-eagle-design.com,,505-473-5177,,,Showroom
GOLDEN EAGLE SUPPLY,65 UPPER LAS COLONIAS ROAD,,TAOS,NM,87529,USA,36.445306,-105.61463,,GOLDEN EAGLE SUPPLY,,www.golden-eagle-design.com,,575-758-7987,,,Showroom
MCMILLAN SALES,4801 E. 46TH AVE,,DENVER,CO,80216,USA,39.780906,-104.930317,,MCMILLAN SALES,,www.mcmillansales.com,,303-399-8500,,,Wholesaler
MORRISON SUPPLY,406 FAIRGROUNDS RD,,ALAMOGORDO,NM,88310,USA,32.926032,-105.958008,,MORRISON SUPPLY,,www.morsco.com,,575-437-5620,,,"Wholesale, Showroom"
MORRISON SUPPLY,6805 ZUNI RD SE,,ALBUQUERQUE,NM,87108,USA,35.073116,-106.571553,,MORRISON SUPPLY,,www.morsco.com,,505-265-6102,,,"Wholesale, Showroom"
PRO-LINE SUPPLY,31 GOLDMINE DR,,PAGOSA SPRINGS,CO,81147,USA,37.268491,-107.029776,,PRO-LINE SUPPLY,,n/a,,970-731-1900,,,Wholesaler
ROSEN SUPPLY,2130 WALL ST,,EVERETT,WA,98201,USA,47.977748,-122.20036,,ROSEN SUPPLY,,www.rosenplumbing.com,,425-258-2700,,,Wholesaler
ROSEN SUPPLY,3405 ELEVENTH ST,,BREMERTON,WA,98312,USA,47.570503,-122.66067,,ROSEN SUPPLY,,www.rosenplumbing.com,,360-377-5501,,,Wholesaler
ROSEN SUPPLY,2920 S CHANDLER ST,,TACOMA,WA,98409,USA,47.233337,-122.45624,,ROSEN SUPPLY,,www.rosenplumbing.com,,253-627-3616,,,"Wholesale, Showroom"
ROSEN SUPPLY,5300 LACEY BLVD,,LACEY,WA,98503,USA,47.036222,-122.811892,,ROSEN SUPPLY,,www.rosenplumbing.com,,360-491-0996,,,"Wholesale, Showroom"
STANDARD PLUMBING SUPPLY - BLACKFOOT,462 WEST HIGHWAY 26,,BLACKFOOT,ID,93221,USA,43.208707,-112.388387,,STANDARD PLUMBING SUPPLY - BLACKFOOT,,www.standardplumbing.com,,208-785-1142,,,Wholesaler
STANDARD PLUMBING SUPPLY - BOISE,145 N CURTIS RD,,BOISE,ID,83706,USA,43.605776,-116.254671,,STANDARD PLUMBING SUPPLY - BOISE,,www.standardplumbing.com,,208-375-2142,,,Wholesaler
STANDARD PLUMBING SUPPLY - BOUNTIFUL,535 W 600 S,,BOUNTIFUL,UT,84010,USA,40.882791,-111.892811,,STANDARD PLUMBING SUPPLY - BOUNTIFUL,,www.standardplumbing.com,,801-296-2071,,,Wholesaler
STANDARD PLUMBING SUPPLY - BRIGHAM CITY,503 S. MAIN STREET,,BRIGHAM CITY,UT,84302,USA,41.500588,-112.015934,,STANDARD PLUMBING SUPPLY - BRIGHAM CITY,,www.standardplumbing.com,,435-723-7744,,,Wholesaler
STANDARD PLUMBING SUPPLY - BURLEY,336 OVERLAND DR,,BURLEY,ID,83318,USA,42.550077,-113.795412,,STANDARD PLUMBING SUPPLY - BURLEY,,www.standardplumbing.com,,208-678-0210,,,Wholesaler
STANDARD PLUMBING SUPPLY - CALDWELL,2312 E LINDEN ST,,CALDWELL,ID,83605,USA,43.647722,-116.670038,,STANDARD PLUMBING SUPPLY - CALDWELL,,www.standardplumbing.com,,208-454-2426,,,Wholesaler
STANDARD PLUMBING SUPPLY - CEDAR CITY,1133 S. MAIN,,CEDAR CITY,UT,84720,USA,37.654939,-113.078531,,STANDARD PLUMBING SUPPLY - CEDAR CITY,,www.standardplumbing.com,,435-586-2161,,,Wholesaler
STANDARD PLUMBING SUPPLY - CHULA VISTA,2865 MAIN STREET,,CHULA VISTA,CA,91911,USA,32.594305,-117.07183,,STANDARD PLUMBING SUPPLY - CHULA VISTA,,www.standardplumbing.com,,619-754-8803,,,Wholesaler
STANDARD PLUMBING SUPPLY - COLMA,248 COLLINS AVE,,COLMA,CA,94014,USA,37.673112,-122.458313,,STANDARD PLUMBING SUPPLY - COLMA,,www.standardplumbing.com,,650-756-1680,,,Wholesaler
STANDARD PLUMBING SUPPLY - CONCORD,5101 PORT CHICAGO HWY,,CONCORD,CA,94520,USA,38.01529,-122.025591,,STANDARD PLUMBING SUPPLY - CONCORD,,www.standardplumbing.com,,925-798-3093,,,Wholesaler
STANDARD PLUMBING SUPPLY - CRAIG,445 CENTER ST,,CRAIG,CO,81625,USA,40.51426,-107.530549,,STANDARD PLUMBING SUPPLY - CRAIG,,www.standardplumbing.com,,970-824-5923,,,Wholesaler
STANDARD PLUMBING SUPPLY - DNU,14725 HERITAGECREST WAY #103,,BLUFFDALE,UT,84065,USA,40.484084,-111.910954,,STANDARD PLUMBING SUPPLY - DNU,,www.standardplumbing.com,,801-495-0187,,,Wholesaler
STANDARD PLUMBING SUPPLY - EVANSTON,77 RAIL CENTER,,EVANSTON,WY,82930,USA,41.260897,-111.000883,,STANDARD PLUMBING SUPPLY - EVANSTON,,www.standardplumbing.com,,307-789-1234,,,Wholesaler
STANDARD PLUMBING SUPPLY - FRESNO,4810 N. BLACKSTONE AVE,,FRESNO,CA,93726,USA,36.805146,-119.789572,,STANDARD PLUMBING SUPPLY - FRESNO,,www.standardplumbing.com,,559-227-2281,,,Wholesaler
STANDARD PLUMBING SUPPLY - HAILEY,4319 GLENBROOK DR,,HAILEY,ID,83333,USA,43.487597,-114.273388,,STANDARD PLUMBING SUPPLY - HAILEY,,www.standardplumbing.com,,208-578-1740,,,Wholesaler
STANDARD PLUMBING SUPPLY - HEBER CITY,777 WEST 100 SOUTH,,HEBER CITY,UT,84032,USA,40.506403,-111.426254,,STANDARD PLUMBING SUPPLY - HEBER CITY,,www.standardplumbing.com,,435-657-9621,,,Wholesaler
STANDARD PLUMBING SUPPLY - IDAHO FALLS,2090 N YELLOWSTONE AVE,,IDAHO FALLS,ID,83401,USA,43.496337,-112.03459,,STANDARD PLUMBING SUPPLY - IDAHO FALLS,,www.standardplumbing.com,,208-529-2580,,,Wholesaler
STANDARD PLUMBING SUPPLY - JACKSON,4040 S PUB PLACE,,JACKSON,WY,83001,USA,43.4217,-110.777,,STANDARD PLUMBING SUPPLY - JACKSON,,www.standardplumbing.com,,307-734-8822,,,Wholesaler
STANDARD PLUMBING SUPPLY - LAS VEGAS,1640 E TROPICANA AVE,,LAS VEGAS,NV,89119,USA,36.101606,-115.128853,,STANDARD PLUMBING SUPPLY - LAS VEGAS,,www.standardplumbing.com,,702-798-9960,,,Wholesaler
STANDARD PLUMBING SUPPLY - LAYTON,518 MARSHALL WY,,LAYTON,UT,84041,USA,41.067741,-111.990786,,STANDARD PLUMBING SUPPLY - LAYTON,,www.standardplumbing.com,,801-544-3657,,,Wholesaler
STANDARD PLUMBING SUPPLY - LEHI,190 E. MAIN ST,,LEHI,UT,84043,USA,40.387526,-111.846168,,STANDARD PLUMBING SUPPLY - LEHI,,www.standardplumbing.com,,801-768-2711,,,Wholesaler
STANDARD PLUMBING SUPPLY - LOGAN,1860 S 1000 W. BLDG 1,,LOGAN,UT,84321,USA,41.698905,-111.859252,,STANDARD PLUMBING SUPPLY - LOGAN,,www.standardplumbing.com,,435-752-0000,,,Wholesaler
STANDARD PLUMBING SUPPLY - MANTECA,105 NORTHGATE DR,,MANTECA,CA,95336,USA,37.819769,-121.218077,,STANDARD PLUMBING SUPPLY - MANTECA,,www.standardplumbing.com,,209-824-6963,,,Wholesaler
STANDARD PLUMBING SUPPLY - MESA,550 E BASELINE RD,,MESA,AZ,85204,USA,33.379373,-111.819409,,STANDARD PLUMBING SUPPLY - MESA,,www.standardplumbing.com,,480-507-2150,,,Wholesaler
STANDARD PLUMBING SUPPLY - MOAB,1331 S HWY 191,,MOAB,UT,84532,USA,38.553656,-109.53102,,STANDARD PLUMBING SUPPLY - MOAB,,www.standardplumbing.com,,435-259-1577,,,Wholesaler
STANDARD PLUMBING SUPPLY - MOUNTAIN HOME,725 W. 6th S.,,MOUNTAIN HOME,ID,83647,USA,43.126641,-115.70025,,STANDARD PLUMBING SUPPLY - MOUNTAIN HOME,,www.standardplumbing.com,,208-587-4165,,,Wholesaler
STANDARD PLUMBING SUPPLY - NAMPA,1764 E. PLAZA LOOP,,NAMPA,ID,83651,USA,43.592327,-116.549451,,STANDARD PLUMBING SUPPLY - NAMPA,,www.standardplumbing.com,,208-578-1740,,,Wholesaler
STANDARD PLUMBING SUPPLY - NORTH LOGAN,1421 N. 300 W.,,LOGAN,UT,84341,USA,41.758045,-111.841892,,STANDARD PLUMBING SUPPLY - NORTH LOGAN,,www.standardplumbing.com,,435-752-2600,,,Wholesaler
STANDARD PLUMBING SUPPLY - OGDEN,1950 WALL AVE,,ODGEN,UT,84401,USA,41.232278,-111.977828,,STANDARD PLUMBING SUPPLY - OGDEN,,www.standardplumbing.com,,801-394-7765,,,Wholesaler
STANDARD PLUMBING SUPPLY - ONTARIO,91 N. OREGON ST,,ONTARIO,OR,97914,USA,44.02733,-116.963139,,STANDARD PLUMBING SUPPLY - ONTARIO,,www.standardplumbing.com,,541-889-6636,,,Wholesaler
STANDARD PLUMBING SUPPLY - OREM,1486 W CENTER ST,,OREM,UT,84057,USA,40.297471,-111.731286,,STANDARD PLUMBING SUPPLY - OREM,,www.standardplumbing.com,,801-224-7007,,,Wholesaler
STANDARD PLUMBING SUPPLY - PARK CITY,6351 PROMONTORY RANCH RD,,PARK CITY,UT,84098,USA,40.723425,-111.480154,,STANDARD PLUMBING SUPPLY - PARK CITY,,www.standardplumbing.com,,435-649-4010,,,Wholesaler
STANDARD PLUMBING SUPPLY - PENDLETON,4216 WESTGATE,,PENDLETON,OR,97801,USA,45.675481,-118.835537,,STANDARD PLUMBING SUPPLY - PENDLETON,,www.standardplumbing.com,,541-966-6119,,,Wholesaler
STANDARD PLUMBING SUPPLY - PEORIA,9111 N.W. GRAND AVE,,PEORIA,AZ,85345,USA,33.592527,-112.255384,,STANDARD PLUMBING SUPPLY - PEORIA,,www.standardplumbing.com,,480-526-7735,,,Wholesaler
STANDARD PLUMBING SUPPLY - POCATELLO,3333 HWY 30,,POCATELLO,ID,83201,USA,42.892416,-112.479202,,STANDARD PLUMBING SUPPLY - POCATELLO,,www.standardplumbing.com,,208-233-0331,,,Wholesaler
STANDARD PLUMBING SUPPLY - PRESTON,17 EAST ONEIDA,,PRESTON,ID,83263,USA,42.09622,-111.812824,,STANDARD PLUMBING SUPPLY - PRESTON,,www.standardplumbing.com,,208-852-3183,,,Wholesaler
STANDARD PLUMBING SUPPLY - REXBURG,155 E 2ND N,,REXBURG,ID,83440,USA,43.830859,-111.779016,,STANDARD PLUMBING SUPPLY - REXBURG,,www.standardplumbing.com,,208-356-4531,,,Wholesaler
STANDARD PLUMBING SUPPLY - ROCK SPRINGS,990 ELK STREET,,ROCK SPRINGS,WY,82901,USA,41.595031,-109.227478,,STANDARD PLUMBING SUPPLY - ROCK SPRINGS,,www.standardplumbing.com,,307-362-0177,,,Wholesaler
STANDARD PLUMBING SUPPLY - ROY,4460 S. 1900 W,,ROY,UT,84067,USA,41.181922,-112.024789,,STANDARD PLUMBING SUPPLY - ROY,,www.standardplumbing.com,,801-731-2501,,,Wholesaler
STANDARD PLUMBING SUPPLY - SAINT GEORGE,88 E 1160 S,,SAINT GEORGE,UT,84770,USA,37.088189,-113.58162,,STANDARD PLUMBING SUPPLY - SAINT GEORGE,,www.standardplumbing.com,,435-652-1420,,,Wholesaler
STANDARD PLUMBING SUPPLY - SALT LAKE CITY,1890 S REDWOOD RD,,SALT LAKE CITY,UT,84104,USA,40.729453,-111.939681,,STANDARD PLUMBING SUPPLY - SALT LAKE CITY,,www.standardplumbing.com,,801-977-8100,,,Wholesaler
STANDARD PLUMBING SUPPLY - SAN DIEGO,3535 CAMINO DEL RIO W,,SAN DIEGO,CA,92110,USA,32.756388,-117.204196,,STANDARD PLUMBING SUPPLY - SAN DIEGO,,www.standardplumbing.com,,619-664-4759,,,Wholesaler
STANDARD PLUMBING SUPPLY - SANDY,9150 S 300 W BLDG 5,,SANDY,UT,84070,USA,40.585083,-111.902111,,STANDARD PLUMBING SUPPLY - SANDY,,www.standardplumbing.com,,801-255-7145,,,Wholesaler
STANDARD PLUMBING SUPPLY - SOUTH SALT LAKE CITY,185 W 3300 S,,SOUTH SALT LAKE CITY,UT,84115,USA,40.699352,-111.896684,,STANDARD PLUMBING SUPPLY - SOUTH SALT LAKE CITY,,www.standardplumbing.com,,801-485-2304,,,Wholesaler
STANDARD PLUMBING SUPPLY - SPANISH FORK,76 W. 1900 N.,,SPANISH FORK,UT,84660,USA,40.134575,-111.65612,,STANDARD PLUMBING SUPPLY - SPANISH FORK,,www.standardplumbing.com,,801-794-3900,,,Wholesaler
STANDARD PLUMBING SUPPLY - TOOELE,63 E. 1100 N.,,TOOELE,UT,84074,USA,40.553352,-112.2964,,STANDARD PLUMBING SUPPLY - TOOELE,,www.standardplumbing.com,,435-882-2181,,,Wholesaler
STANDARD PLUMBING SUPPLY - TWIN FALLS,231 EASTLAND DR,,TWIN FALLS,ID,83301,USA,42.550541,-114.441229,,STANDARD PLUMBING SUPPLY - TWIN FALLS,,www.standardplumbing.com,,208-733-4848,,,Wholesaler
STANDARD PLUMBING SUPPLY - VERNAL,957 E HWY 40,,VERNAL,UT,84078,USA,40.455139,-109.509851,,STANDARD PLUMBING SUPPLY - VERNAL,,www.standardplumbing.com,,435-781-2570,,,Wholesaler
STANDARD PLUMBING SUPPLY - WEST JORDAN,4346 W. NEW BINGHAM HWY,,WEST JORDAN,UT,84088,USA,40.608062,-111.994544,,STANDARD PLUMBING SUPPLY - WEST JORDAN,,www.standardplumbing.com,,801-280-4230,,,Wholesaler
APEX,600 EAST ARAPAHO,,RICHARDSON,TX,75081,USA,32.960166,-96.716444,,APEX,,www.apexsupplyco.com,,972-231-5155,,,"Wholesale, Showroom"
APEX,180 OAK LAWN,,DALLAS,TX,75207,USA,32.791408,-96.823188,,APEX,,www.apexsupplyco.com,,214-741-5463,,,"Wholesale, Showroom"
ECONOMY SUPPLY,808 ROUND ROCK WEST DRIVE,,ROUND ROCK,TX,78681,USA,30.500733,-97.686289,,ECONOMY SUPPLY,,www.economysupplytexas.com,,512-244-3326,,,"Wholesale, Showroom"
EVERETT'S FAUCET PART CENTER,1500 SW 15TH AVE,,AMARILLO,TX,79102,USA,35.199988,-101.854334,,EVERETT'S FAUCET PART CENTER,,n/a,,806-372-5022,,,"Wholesale, Showroom"
JOSCO SHOWROOM,"7600 N LAMAR BLVD, STE A",,AUSTIN,TX,78752,USA,30.344516,-97.715218,,JOSCO SHOWROOM,,www.joscoshowroom.com,,512-452-1400,,,Showroom
KIVA KITCHEN & BATH ,10003 NW MILITARY HWY STE 1120,,SAN ANTONIO,TX,78230,USA,29.554644,-98.536295,,KIVA KITCHEN & BATH ,,www.kivahome.com,,210-826-9652,,, Showroom
KIVA KITCHEN & BATH ,10003 NW MILITARY HWY STE 1120,,SAN ANTONIO,TX,78230,USA,29.554644,-98.536295,,KIVA KITCHEN & BATH ,,n/a,,n/a,,,
MIDWAY PLUMBING SUPPLY,1865 GRASSLAND PARKWAY,,ALPHARETTA,GA,30004,USA,34.142529,-84.244697,,MIDWAY PLUMBING SUPPLY,,www.midwayplumbingsupply.com,,678-393-1490,,,Wholesale
MORRISON SUPPLY,12301 ROXIE DRIVE,,AUSTIN,TX,78729,USA,30.445602,-97.780621,,MORRISON SUPPLY,,www.morsco.com,,512-219-8335,,,"Wholesale, Showroom"
MORRISON SUPPLY,7705 QUAKER AVE,,LUBBOCK,TX,79424,USA,33.523404,-101.904314,,MORRISON SUPPLY,,www.morsco.com,,806-785-6888,,,"Wholesale, Showroom"
MORRISON SUPPLY,2101 ACTON HWY,,GRANBURY,TX,76049,USA,32.440497,-97.74811,,MORRISON SUPPLY,,www.morsco.com,,817-579-9511,,,"Wholesale, Showroom"
PITTMAN PLUMBING SUPPLY,1445 LEMAY DRIVE,,CARROLTON,TX,75007,USA,32.988713,-96.9235,,PITTMAN PLUMBING SUPPLY,,www.pittmanplumbingsupply.com,,972-242-7900,,,"Wholesale, Showroom"
WINNELSON,143 BUSINESS BLVD,,GRANBURY,TX,76049,USA,32.451193,-97.741419,,WINNELSON,,www.granburywinnelson.com,,814-579-8319,,,"Wholesale, Showroom"
WINNELSON,1811 PEYCO DRIVE NORTH,,ARLINGTON,TX,76001,USA,32.633854,-97.139965,,WINNELSON,,www-1.winwholesale.com/index.php/home/winnelson,,814-468-3414,,,Wholesaler
BATH ODYSSEY,5690 SUMMER AVE,,MEMPHIS,TN,38134,USA,35.167201,-89.87479,,BATH ODYSSEY,,www.quantumentries.com,,901-888-0200,,,Showroom
BR SUPPLY,337 W MAIN STREET,,BROWNSVILLE,TN,38012,USA,35.594236,-89.266593,,BR SUPPLY,,www.brsupplyinc.com,,731-772-9512,,,Wholesaler
BR SUPPLY,14965 SOUTH HIGHLAND,,MCKENZIE,TN,38201,USA,36.120478,-88.521236,,BR SUPPLY,,www.brsupplyinc.com,,731-352-0483,,,Wholesaler
BR SUPPLY,440 FLORENCE RD,,SAVANNAH,TN,38372,USA,35.218213,-88.240492,,BR SUPPLY,,www.brsupplyinc.com,,731-925-2010,,,Wholesaler
BR SUPPLY,502 N COLLEGE,,TRENTON,TN,38382,USA,35.989611,-88.938615,,BR SUPPLY,,www.brsupplyinc.com,,731-855-1895,,,Wholesaler
BR SUPPLY,2026 E VAN HOOK ST,,MILAN,TN,38358,USA,35.918603,-88.751125,,BR SUPPLY,,www.brsupplyinc.com,,731-686-9353,,,Wholesaler
BR SUPPLY,1232 SOUTH 3RD STREET,,UNION CITY,TN,38261,USA,36.41514,-89.05982,,BR SUPPLY,,www.brsupplyinc.com,,731-885-1460,,,Wholesaler
BR SUPPLY,2078 HOLLYWOOD DRIVE,,JACKSON,TN,38305,USA,35.650779,-88.868249,,BR SUPPLY,,www.brsupplyinc.com,,731-660-2433,,,Wholesaler
BR SUPPLY,2405 EASTEND DRIVE,,HUMBOLDT,TN,38343,USA,35.82969,-88.904817,,BR SUPPLY,,www.brsupplyinc.com,,731-784-1111,,,Wholesaler
BR SUPPLY,3815 HWY 79 NORTH,,PARIS,TN,38242,USA,36.334655,-88.254659,,BR SUPPLY,,www.brsupplyinc.com,,731-642-3364,,,Wholesaler
BR SUPPLY,121 DUREN INDUSTRIAL DRIVE,,ADAMSVILLE,TN,38310,USA,35.234262,-88.375813,,BR SUPPLY,,www.brsupplyinc.com,,731-632-3341,,,Wholesaler
CENTRAL SUPPLY,701 E WALLACE ST,,FT WAYNE,IN,46803,USA,41.07048,-85.127757,,CENTRAL SUPPLY,,www.centralsupplycompany.com,,260-745-4961,,,"Wholesale, Showroom"
CENTRAL SUPPLY,8900 E. 30TH STREET,,INDIANAPOLIS,IN,46219,USA,39.812161,-86.011871,,CENTRAL SUPPLY,,www.centralsupplycompany.com,,260-745-4961,,,"Wholesale, Showroom"
ETNA SUPPLY COMPANY- GRAND RAPIDS,3175 UNION AVE SE,,GRAND RAPIDS,MI,49548,USA,42.906859,-85.652373,,ETNA SUPPLY COMPANY- GRAND RAPIDS,,www.etnasupply.com,,616-241-5414,,,Wholesaler
ETNA SUPPLY COMPANY- HOLLAND,783 CHICAGO DR.,,HOLLAND,MI,49423,USA,42.799639,-86.074454,,ETNA SUPPLY COMPANY- HOLLAND,,www.etnasupply.com,,616-396-1717,,,Wholesaler
ETNA SUPPLY COMPANY- KALAMAZOO,5231 EAST ML AVE,,KALAMAZOO,MI,49048,USA,42.266816,-85.527217,,ETNA SUPPLY COMPANY- KALAMAZOO,,www.etnasupply.com,,269-349-8388,,,Wholesaler
ETNA SUPPLY COMPANY- WIXOM,29949 BECK RD.,,WIXOM,MI,48393,USA,42.517577,-83.517158,,ETNA SUPPLY COMPANY- WIXOM,,www.etnasupply.com,,248-624-5000,,,Wholesaler
KNAPP SUPPLY,420 SOUTH OHIO AVE,,MUNCIE,IN,47302,USA,40.190839,-85.370666,,KNAPP SUPPLY,,www.knappsupply.com,,765-288-1893,,,"Wholesale, Showroom"
LEE SUPPLY CO - CARMEL,415 W. CARMEL DR,,CARMEL,IN,46032,USA,39.961269,-86.133284,,LEE SUPPLY CO - CARMEL,,www.leesupplycorp.com,,317-844-4434,,,"Wholesale, Showroom"
LEE SUPPLY CO - COLUMBUS,1440 PROGRESS RD,,COLUMBUS,IN,47201,USA,39.249068,-85.944066,,LEE SUPPLY CO - COLUMBUS,,www.leesupplycorp.com,,812-376-9466,,,"Wholesale, Showroom"
LEE SUPPLY CO - FORT WAYNE,3420 CONGRESSIONAL PKWY,,FORT WAYNE,IN,46808,USA,41.110611,-85.186742,,LEE SUPPLY CO - FORT WAYNE,,www.leesupplycorp.com,,260-471-6433,,,"Wholesale, Showroom"
LEE SUPPLY CO - LAFAYETTE,1620 KEPNER DR,,LAFAYETTE,IN,47905,USA,40.398518,-86.841617,,LEE SUPPLY CO - LAFAYETTE,,www.leesupplycorp.com,,765-447-6939,,,"Wholesale, Showroom"
LEE SUPPLY CO - SOUTH BEND,3234 NIMTZ PKWY,,SOUTH BEND,IN,46628,USA,41.724761,-86.308186,,LEE SUPPLY CO - SOUTH BEND,,www.leesupplycorp.com,,574-233-4975,,,"Wholesale, Showroom"
NICKLAS SUPPLY,533 MAYER ST,,BRIDGEVILLE,PA,15017,USA,40.365503,-80.105694,,NICKLAS SUPPLY,,www.nicklassupply.com,,412-221-1300,,,Wholesaler
NICKLAS SUPPLY,1400 REAR ROUTE 8,,GLENSHAW,PA,15116,USA,40.530983,-79.956687,,NICKLAS SUPPLY,,www.nicklassupply.com,,412-486-2700,,,Wholesaler
NICKLAS SUPPLY,4807 WILLIAM PENN HWY,,MURRYSVILLE,PA,15668,USA,40.422986,-79.664661,,NICKLAS SUPPLY,,www.nicklassupply.com,,724-733-2600,,,"Wholesale, Showroom"
NICKLAS SUPPLY,700 KNOX AVE,,PITTSBURGH,PA,15210,USA,40.414359,-79.990543,,NICKLAS SUPPLY,,www.nicklassupply.com,,412-381-3000,,,Wholesaler
NICKLAS SUPPLY,1237 FREEDOM ROAD,,CRANBERRY,PA,16066,USA,40.683308,-80.118252,,NICKLAS SUPPLY,,www.nicklassupply.com,,724-772-5700,,,"Wholesale, Showroom"
STEINHOUSE SUPPLY,24 ANDREW T WHITMORE STREET,,NASHVILLE,TN,37210,USA,36.141454,-86.759795,,STEINHOUSE SUPPLY,,www.steinhousesupply.com,,615-254-1612,,,Wholesaler
SUPPLY LINE OF MEMPHIS,3440 LAMAR AVE,,MEMPHIS,TN,38118,USA,35.075423,-89.948203,,SUPPLY LINE OF MEMPHIS,,www.supplylinememphis.com,,901-368-2077,,,Wholesaler
WINNELSON SHOWROOM,7526 A.E. BEATY DRIVE,,BARTLETT,TN,38134,USA,35.208312,-89.811616,,WINNELSON SHOWROOM,,www-1.winwholesale.com/index.php/home/winnelson,,901-213-5044,,,"Wholesale, Showroom"
BAY STATE PLBG AND HTG SUPPLY CO.,15 MILL ST,,SPRINGFIELD,MA,1108,USA,42.089486,-72.578177,,BAY STATE PLBG AND HTG SUPPLY CO.,,www.baystateplumbingsupply.com,,413-733-6696,,,"Wholesale, Showroom"
"BENDER PLUMBING SUPPLY OF BRIDGEPORT, INC",395 JAMES ST,,BRIDGEPORT,CT,6604,USA,41.183012,-73.201759,,"BENDER PLUMBING SUPPLY OF BRIDGEPORT, INC",,www.benderplumbing.com,,203-579-4499,,,"Wholesale, Showroom"
"BENDER PLUMBING SUPPLY OF HARTFORD, INC.",197 WAWARME AVE,,HARTFORD,CT,6114,USA,41.750103,-72.664678,,"BENDER PLUMBING SUPPLY OF HARTFORD, INC.",,www.benderplumbing.com,,860-233-6606,,,"Wholesale, Showroom"
"BENDER PLUMBING SUPPLY OF NEW HAVEN, INC.",550 GRAND AVE,,NEW HAVEN,CT,6530,USA,41.308534,-72.909528,,"BENDER PLUMBING SUPPLY OF NEW HAVEN, INC.",,www.benderplumbing.com,,203-787-4288,,,"Wholesale, Showroom"
"BENDER PLUMBING SUPPLY OF WATERBURY, INC",145 CHERRY ST,,WATERBURY,CT,6702,USA,41.557719,-73.034282,,"BENDER PLUMBING SUPPLY OF WATERBURY, INC",,www.benderplumbing.com,,203-756-8013,,,"Wholesale, Showroom"
BRIDGETON PLUMBING SUPPLY,756 N. PEARL ST,,BRIDGETON,NJ,8302,USA,39.449807,-75.216949,,BRIDGETON PLUMBING SUPPLY,,www.plumbingheatingairbridgeton.com,,856-451-3131,,,Wholesaler
CLEMENT HARDWARE,500 RITCHIE HWY,,SEVERNA PARK,MD,21146,USA,39.080289,-76.549261,,CLEMENT HARDWARE,,www.clementhardware.com,,410-647-4611,,,Wholesaler
GATEWAY SUPPLY CO. INC. ,70 CHROME DR,,GREENVILLE,SC,29615,USA,34.836761,-82.289265,,GATEWAY SUPPLY CO. INC. ,,www.gatewaysupply.net,,864-735-7800,,,"Wholesale, Showroom"
GROVE SUPPLY,2626 S. 18TH ST,,S PHILADELPHIA,PA,19145,USA,39.918438,-75.177835,,GROVE SUPPLY,,www.grovesupplyinc.com,,215-465-5600,,,Wholesaler
GROVE SUPPLY,106 STEAMBOAT DR,,WARMINSTER,PA,18974,USA,40.193374,-75.082778,,GROVE SUPPLY,,www.grovesupplyinc.com,,215-672-8666,,,Wholesaler
ICON KNOBS LLC,205 CEDAR BRIDGE AVE,,LAKEWOOD,NJ,8701,USA,40.086451,-74.209846,,ICON KNOBS LLC,,n/a,,732-367-7515,,,Wholesaler
MIDDLESEX SUPPLY COMPANY,180 MAIN STREET EXTENSION,,MIDDLETOWN,CT,6457,USA,41.55134,-72.643261,,MIDDLESEX SUPPLY COMPANY,,www.middlesexsupply.com,,860-347-2503,,,"Wholesale, Showroom"
MURRAY SUPPLY CORP.,215 MYSTIC AVE,,MEDFORD,MA,2155,USA,42.407707,-71.103477,,MURRAY SUPPLY CORP.,,www.murraysupplycorp.com,,781-396-0860,,,"Wholesale, Showroom"
"P.V. SULLIVAN SUPPLY CO., INC.",300 LONGWATER DRIVE,,NORWELL,MA,2061,USA,42.155696,-70.87517,,"P.V. SULLIVAN SUPPLY CO., INC.",,www.pvsullivan.com,,617-471-7003,,,Wholesaler
"P.V. SULLIVAN SUPPLY CO., INC.",94 LIBERTY ST,,QUINCY,MA,2169,USA,42.237772,-71.007747,,"P.V. SULLIVAN SUPPLY CO., INC.",,www.pvsullivan.com,,617-471-7003,,,Wholesaler
R D MURPHY CO,210 ANDOVER ST #16,,WILMINGTON,MA,1887,USA,42.589978,-71.147641,,R D MURPHY CO,,n/a,,978-658-2567,,,Wholesaler
SCHUMACHER & SEILER,515 E. MAIN ST,,DALLASTOWN,PA,17313,USA,39.899507,-76.632142,,SCHUMACHER & SEILER,,www.schumacherseiler.com,,717-246-6091,,,Wholesaler
SCHUMACHER & SEILER,9044 FREDERICK RD,,ELLICOTT CITY,MD,21042,USA,39.272326,-76.825038,,SCHUMACHER & SEILER,,www.schumacherseiler.com,,410-561-2461,,,Wholesaler
SCHUMACHER & SEILER,2109 BELAIR RD,,FALLSTON,MD,21047,USA,39.493833,-76.388404,,SCHUMACHER & SEILER,,www.schumacherseiler.com,,410-879-3131,,,Wholesaler
SCHUMACHER & SEILER,2412 CROFTON BLVD,,CROFTON,MD,21114,USA,39.015499,-76.69809,,SCHUMACHER & SEILER,,www.schumacherseiler.com,,410-721-4201,,,Wholesaler
SCHUMACHER & SEILER,10 W. AYLESBURY RD,,TIMONIUM,MD,21093,USA,39.434426,-76.621961,,SCHUMACHER & SEILER,,www.schumacherseiler.com,,410-561-2461,,,"Wholesale, Showroom"
SIMON'S SUPPLY CO. INC. ,586 HIGGINS CROWELL RD,,WEST YARMOUTH,MA,2673,USA,41.680873,-70.250726,,SIMON'S SUPPLY CO. INC. ,,www.simonsupply.com,,508-775-0740,,,"Wholesale, Showroom"
SIMON'S SUPPLY CO. INC. ,770 MOUNT PLEASANT ST,,NEW BEDFORD,MA,2745,USA,41.671178,-70.943446,,SIMON'S SUPPLY CO. INC. ,,www.simonsupply.com,,508-995-5161,,,"Wholesale, Showroom"
SIMON'S SUPPLY CO. INC. ,19 SLADE ST,,PAWTUCKET,RI,2861,USA,41.891394,-71.3578,,SIMON'S SUPPLY CO. INC. ,,www.simonsupply.com,,401-722-0200,,,"Wholesale, Showroom"
SIMON'S SUPPLY CO. INC. ,6 APOLLO 11 RD,,PLYMOUTH,MA,2360,USA,41.957264,-70.692746,,SIMON'S SUPPLY CO. INC. ,,www.simonsupply.com,,508-747-5112,,,"Wholesale, Showroom"
SIMON'S SUPPLY CO. INC. ,821 CAMBRIDGE ST,,FALL RIVER,MA,2722,USA,41.684672,-71.145122,,SIMON'S SUPPLY CO. INC. ,,www.simonsupply.com,,508-679-6431,,,"Wholesale, Showroom"
SMITHFIELD PLUMBING SUPPLY CO,1 AUSTIN AVE,,GREENVILLE,RI,2828,USA,41.87271,-71.552645,,SMITHFIELD PLUMBING SUPPLY CO,,www.smithfieldsupply.com,,401-949-0110,,,Wholesaler
SOUTHEASTERN PLUMBING,531 S. MAIN ST,,SALISBURY,NC,28144,USA,35.662575,-80.474944,,SOUTHEASTERN PLUMBING,,www.southeasternplumbingsalisbury.com,,704-637-6496,,,Wholesaler
THE LAVATO SUPPLY CO INC,165 FRONT ST,,CHICOPEE,MA,1014,USA,42.148712,-72.610446,,THE LAVATO SUPPLY CO INC,,n/a,,413-592-7248,,,Wholesaler
THOMAS SOMERVILLE CO,1300 CONTINENTAL DRIVE,,ABINGDON,MD,21009,USA,39.446306,-76.293069,,THOMAS SOMERVILLE CO,,www.tsomerville.com,,410-679-1625,,,Wholesaler
THOMAS SOMERVILLE CO,44221 AIRPORT VIEW DR,,HOLLYWOOD,MD,20636,USA,38.321199,-76.545042,,THOMAS SOMERVILLE CO,,www.tsomerville.com,,301-373-4400,,,"Wholesale, Showroom"
THOMAS SOMERVILLE CO,5108-D BUCHANAN ST,,HYATTSVILLE,MD,20781,USA,38.946326,-76.933503,,THOMAS SOMERVILLE CO,,www.tsomerville.com,,301-864-5560,,,Wholesaler
THOMAS SOMERVILLE CO,751 SHERIDAN AVE,,MARTINSBURG,WV,25401,USA,39.441397,-77.976357,,THOMAS SOMERVILLE CO,,www.tsomerville.com,,304-263-4981,,,Wholesaler
THOMAS SOMERVILLE CO,2120 MAYWILL ST,,RICHMOND,VA,23230,USA,37.586134,-77.487096,,THOMAS SOMERVILLE CO,,www.tsomerville.com,,703-273-4900,,,"Wholesale, Showroom"
THOMAS SOMERVILLE CO,6250 CHILLUM PLACE NW,,WASHINGTON,DC,20011,USA,38.966269,-77.011492,,THOMAS SOMERVILLE CO,,www.tsomerville.com,,202-635-4177,,,Wholesaler
THOMAS SOMERVILLE CO,1401 SLATE RD,,CAMP HILL,PA,17011,USA,40.209064,-76.940879,,THOMAS SOMERVILLE CO,,www.tsomerville.com,,717-972-5730,,,"Wholesale, Showroom"
THOMAS SOMERVILLE CO,11002 CATHELL RD,,OCEAN CITY,MD,21811,USA,38.375575,-75.173851,,THOMAS SOMERVILLE CO,,www.tsomerville.com,,410-641-5020,,,Wholesaler
THOMAS SOMERVILLE CO,14700 WILLARD RD,,CHANTILLY,VA,20151,USA,38.888648,-77.455066,,THOMAS SOMERVILLE CO,,www.tsomerville.com,,703-930-2735,,,Wholesaler
THOMAS SOMERVILLE CO,THOMAS SOMERVILLE CO - OWINGS MILLS,,OWINGS MILLS,MD,21117,USA,39.41955,-76.780253,,THOMAS SOMERVILLE CO,,www.tsomerville.com,,410-363-3841,,,"Wholesale, Showroom"
THOMAS SOMERVILLE CO,1510 TILCO DR,,FREDERICK,MD,21704,USA,39.399862,-77.388535,,THOMAS SOMERVILLE CO,,www.tsomerville.com,,301-662-9570,,,Wholesaler
THOMAS SOMERVILLE CO,24 IRONGATE DRIVE,,WALDORF,MD,20601,USA,38.612869,-76.905901,,THOMAS SOMERVILLE CO,,www.tsomerville.com,,301-932-9400,,,Wholesaler
THOMAS SOMERVILLE CO,9825 FAIRFAX BLVD,,FAIRFAX,VA,22030,USA,38.863113,-77.283709,,THOMAS SOMERVILLE CO,,www.tsomerville.com,,703-273-4900,,,Wholesaler
THOMAS SOMERVILLE CO,425 NELSON STREET,,CHAMBERSBURG,PA,17201,USA,39.936901,-77.653318,,THOMAS SOMERVILLE CO,,www.tsomerville.com,,717-264-9300,,,Wholesaler
THOMAS SOMERVILLE CO,15901 SOMERVILLE DR,,ROCKVILLE,MD,20855,USA,39.117924,-77.164418,,THOMAS SOMERVILLE CO,,www.tsomerville.com,,301-948-8650,,,"Wholesale, Showroom"
THOMAS SOMERVILLE CO,3735 BOARD RD,,YORK,PA,17406,USA,40.036087,-76.737166,,THOMAS SOMERVILLE CO,,www.tsomerville.com,,717-848-1545,,,Wholesaler
THOMAS SOMERVILLE CO,3900 PENN BELT RD.,,FORESTVILLE,MD,20747,USA,38.836255,-76.875693,,THOMAS SOMERVILLE CO,,www.tsomerville.com,,301-516-7000,,,Wholesaler
THOMAS SOMERVILLE CO,99 N. LANGLEY RD,,GLEN BURNIE,MD,21060,USA,39.180674,-76.606203,,THOMAS SOMERVILLE CO,,www.tsomerville.com,,410-760-8710,,,"Wholesale, Showroom"
THOMAS SOMERVILLE CO,2349 SOLOMONS ISLAND RD,,ANNAPOLIS,MD,21401,USA,38.981003,-76.535108,,THOMAS SOMERVILLE CO,,www.tsomerville.com,,410-266-6022,,,"Wholesale, Showroom"
"WHITE'S PLUMBING SUPPLIES, INC.",582 BOSTON POST ROAD,,WEST HAVEN,CT,6516,USA,41.289933,-72.96875,,"WHITE'S PLUMBING SUPPLIES, INC.",,www.whitesplumbing.com,,203-934-9258,,,Wholesaler
WIN/NOLAND CO - ANNAPOLIS #855,209-213 CHINQUAPIN ROUND RD,,ANNAPOLIS,MD,21401,USA,38.97756,-76.52338,,WIN/NOLAND CO - ANNAPOLIS #855,,www.noland.com,,410-263-9261,,,Wholesaler
WINNELSON,"124 HUDSON LANE, SUITE 102",,GREENVILLE,SC,29492,USA,34.858017,-82.322526,,WINNELSON,,n/a,,843-856-0084,,,Wholesaler
WINNELSON,287 (REAR) HOMESTEAD AVE,,HARTFORD ,CT,6112,USA,41.777947,-72.696036,,WINNELSON,,www.hartford-winnelson.com,,860-547-1741,,,Wholesaler
